Gain_1,Gain_2,Gain_3,Gain_4,Fitness_TA,Fitness_Plantar
0.1997194152161168,0.813480523560737,0.44472244238903746,1.3279863285091875,0.011225301044367444,0.009569365652859615
